tasks,automation_mean,automation_sd,automation_min,automation_max,share_tasks_baseline_005,share_tasks_ge_050
431,0.11809744779582368,0.14935157533863264,0.05,0.65,0.7842227378190255,0.06264501160092807
