bundle,post,pre,post_minus_pre
ai_exposed,1.3861133532979546,1.4693852056437269,-0.08327185234577228
low_exposure_physical,5.600305682921973,5.204650548669284,0.3956551342526886
