model,outcome,scale,coef,se,p_norm,cluster_se_by_task,cluster_p_norm,n_rows,tasks
task_year_fe,participation_rate_weighted_pp,raw_0_to_1_ai_exposure_score,-0.07362454223067516,0.10395276804461755,0.4787900553546996,0.10183348327164295,0.4696863165622675,3017,431
task_year_fe,participation_rate_weighted_pp,one_sd_ai_exposure_score,-0.012849296392687393,0.018142318947449824,0.4787900553755472,0.017772451545032833,0.4696863165835805,3017,431
task_year_fe,participation_rate_unweighted_pp,raw_0_to_1_ai_exposure_score,0.004212349603506027,0.10883876716946554,0.9691274540702817,0.10281875908410955,0.9673208587005944,3017,431
task_year_fe,participation_rate_unweighted_pp,one_sd_ai_exposure_score,0.0007351587796620151,0.01899504616354384,0.9691274540407256,0.017944406447023106,0.9673208586693249,3017,431
